problem	domain	status	rating
AGT042-10	AGT	SAT	0.20
ALG005-1	ALG	UNS	0.04
ALG006-1	ALG	UNS	0.04
ALG007-1	ALG	UNS	0.13
ALG008-10	ALG	SAT	0.20
ALG030-10	ALG	UNS	0.09
ALG069-10	ALG	UNS	0.09
ALG212-10	ALG	UNS	0.96
ALG213-10	ALG	UNS	0.96
ALG235-1	ALG	UNS	0.00
ALG236-1	ALG	UNS	0.04
ALG237-1	ALG	UNS	1.00
ALG238-1	ALG	UNS	1.00
ALG239-1	ALG	UNS	1.00
ALG240-1	ALG	UNS	0.35
ALG241-1	ALG	UNS	1.00
ALG242-1	ALG	UNS	1.00
ALG243-1	ALG	UNS	1.00
ALG244-1	ALG	UNS	1.00
ALG245-1	ALG	UNS	0.26
ALG246-1	ALG	UNS	0.65
ALG299-1	ALG	SAT	0.60
ALG300-1	ALG	SAT	0.60
ALG301-1	ALG	SAT	1.00
ALG302-1	ALG	SAT	0.60
ALG441-10	ALG	UNS	0.96
ANA004-10	ANA	UNS	1.00
ANA005-10	ANA	UNS	1.00
ANA023-10	ANA	UNS	0.09
ANA034-10	ANA	UNS	0.26
ANA133-1	ANA	UNS	0.39
BOO001-1	BOO	UNS	0.04
BOO002-1	BOO	UNS	0.09
BOO002-2	BOO	UNS	0.04
BOO003-2	BOO	UNS	0.00
BOO003-4	BOO	UNS	0.00
BOO004-10	BOO	UNS	0.22
BOO004-2	BOO	UNS	0.04
BOO004-4	BOO	UNS	0.00
BOO005-2	BOO	UNS	0.04
BOO005-4	BOO	UNS	0.04
BOO006-2	BOO	UNS	0.04
BOO006-4	BOO	UNS	0.09
BOO007-2	BOO	UNS	0.09
BOO007-4	BOO	UNS	0.04
BOO008-10	BOO	SAT	0.00
BOO008-2	BOO	UNS	0.04
BOO008-4	BOO	UNS	0.04
BOO009-2	BOO	UNS	0.09
BOO009-4	BOO	UNS	0.09
BOO010-2	BOO	UNS	0.04
BOO010-4	BOO	UNS	0.04
BOO011-2	BOO	UNS	0.00
BOO011-4	BOO	UNS	0.00
BOO012-2	BOO	UNS	0.00
BOO012-4	BOO	UNS	0.00
BOO013-2	BOO	UNS	0.00
BOO013-4	BOO	UNS	0.00
BOO014-10	BOO	UNS	0.78
BOO014-2	BOO	UNS	0.04
BOO014-4	BOO	UNS	0.04
BOO015-10	BOO	UNS	0.70
BOO015-2	BOO	UNS	0.04
BOO015-4	BOO	UNS	0.04
BOO016-2	BOO	UNS	0.13
BOO017-10	BOO	UNS	0.35
BOO017-2	BOO	UNS	0.09
BOO018-4	BOO	UNS	0.00
BOO019-1	BOO	SAT	0.00
BOO021-1	BOO	UNS	0.04
BOO022-1	BOO	UNS	0.00
BOO023-1	BOO	UNS	0.26
BOO024-1	BOO	UNS	0.09
BOO025-1	BOO	UNS	0.09
BOO026-1	BOO	UNS	0.13
BOO027-1	BOO	SAT	0.00
BOO028-1	BOO	UNS	0.09
BOO029-1	BOO	UNS	0.09
BOO030-1	BOO	SAT	0.00
BOO031-1	BOO	UNS	0.17
BOO032-1	BOO	SAT	0.00
BOO033-1	BOO	SAT	0.00
BOO034-1	BOO	UNS	0.17
BOO036-1	BOO	SAT	0.00
BOO037-2	BOO	SAT	0.00
BOO037-3	BOO	SAT	0.00
BOO046-10	BOO	OPN	1.00
BOO047-10	BOO	OPN	1.00
BOO051-10	BOO	OPN	1.00
BOO056-10	BOO	SAT	0.60
BOO057-10	BOO	SAT	0.60
BOO067-1	BOO	UNS	0.17
BOO068-1	BOO	UNS	0.09
BOO069-1	BOO	UNS	0.09
BOO070-1	BOO	UNS	0.09
BOO071-1	BOO	UNS	0.09
BOO072-1	BOO	UNS	0.13
BOO073-1	BOO	UNS	0.39
BOO074-1	BOO	UNS	0.13
BOO075-1	BOO	UNS	0.09
BOO076-1	BOO	UNS	0.78
BOO077-1	BOO	SAT	1.00
BOO078-1	BOO	UNK	1.00
BOO079-1	BOO	UNK	1.00
BOO080-1	BOO	UNK	1.00
BOO081-1	BOO	UNK	1.00
BOO082-1	BOO	UNK	1.00
BOO083-1	BOO	UNK	1.00
BOO084-1	BOO	UNK	1.00
BOO085-1	BOO	UNK	1.00
BOO086-1	BOO	UNK	1.00
BOO087-1	BOO	UNK	1.00
BOO088-1	BOO	UNK	1.00
BOO089-1	BOO	UNK	1.00
BOO090-1	BOO	UNK	1.00
BOO091-1	BOO	UNK	1.00
BOO092-1	BOO	UNK	1.00
BOO093-1	BOO	UNK	1.00
BOO094-1	BOO	UNK	1.00
BOO095-1	BOO	UNK	1.00
BOO096-1	BOO	UNK	1.00
BOO097-1	BOO	UNK	1.00
BOO098-1	BOO	UNK	1.00
BOO099-1	BOO	UNK	1.00
BOO100-1	BOO	UNK	1.00
BOO101-1	BOO	UNK	1.00
BOO102-1	BOO	UNK	1.00
BOO103-1	BOO	UNK	1.00
BOO104-1	BOO	UNK	1.00
BOO105-1	BOO	UNK	1.00
BOO106-1	BOO	SAT	1.00
BOO107-1	BOO	UNK	1.00
BOO108-1	BOO	UNK	1.00
CAT001-10	CAT	SAT	0.20
CAT002-10	CAT	SAT	0.20
CAT010-10	CAT	UNS	0.04
CAT019-10	CAT	SAT	0.20
COL001-1	COL	UNS	0.17
COL001-2	COL	UNS	0.09
COL002-1	COL	UNS	0.13
COL002-10	COL	UNS	0.70
COL002-4	COL	UNS	0.13
COL002-5	COL	UNS	0.43
COL003-1	COL	UNS	0.74
COL003-10	COL	UNS	0.74
COL003-12	COL	UNS	0.09
COL003-13	COL	UNS	0.09
COL003-14	COL	UNS	0.04
COL003-15	COL	UNS	0.00
COL003-16	COL	UNS	0.09
COL003-17	COL	UNS	0.22
COL003-18	COL	UNS	0.22
COL003-19	COL	UNS	0.22
COL003-20	COL	UNS	0.17
COL004-1	COL	UNS	0.43
COL004-3	COL	UNS	0.04
COL005-1	COL	SAT	0.00
COL006-1	COL	UNS	0.52
COL006-5	COL	UNS	0.57
COL006-6	COL	UNS	0.57
COL006-7	COL	UNS	0.52
COL007-1	COL	UNS	0.04
COL008-1	COL	UNS	0.04
COL009-1	COL	UNS	0.30
COL010-1	COL	UNS	0.09
COL011-1	COL	UNS	0.35
COL012-1	COL	UNS	0.04
COL013-1	COL	UNS	0.04
COL014-1	COL	UNS	0.04
COL015-1	COL	UNS	0.04
COL016-1	COL	UNS	0.04
COL017-1	COL	UNS	0.09
COL018-1	COL	UNS	0.09
COL019-1	COL	UNS	0.09
COL020-1	COL	UNS	0.09
COL021-1	COL	UNS	0.09
COL022-1	COL	UNS	0.09
COL023-1	COL	UNS	0.17
COL024-1	COL	UNS	0.09
COL025-1	COL	UNS	0.09
COL026-1	COL	UNS	0.17
COL027-1	COL	UNS	0.13
COL029-1	COL	UNS	0.04
COL030-1	COL	UNS	0.09
COL031-1	COL	UNS	0.09
COL032-1	COL	UNS	0.13
COL033-1	COL	UNS	0.13
COL034-1	COL	UNS	0.35
COL035-1	COL	UNS	0.17
COL036-1	COL	UNS	0.39
COL037-1	COL	UNS	0.26
COL038-1	COL	UNS	0.70
COL039-1	COL	UNS	0.09
COL041-1	COL	UNS	0.35
COL042-1	COL	UNS	0.83
COL042-10	COL	UNS	0.83
COL042-6	COL	UNS	0.22
COL042-7	COL	UNS	0.22
COL042-8	COL	UNS	0.22
COL042-9	COL	UNS	0.22
COL043-1	COL	UNS	0.91
COL043-3	COL	UNS	0.48
COL044-1	COL	UNS	0.22
COL044-10	COL	UNS	0.83
COL044-6	COL	UNS	0.35
COL044-7	COL	UNS	0.39
COL044-8	COL	UNS	0.48
COL044-9	COL	UNS	0.48
COL045-1	COL	UNS	0.09
COL046-1	COL	UNS	0.48
COL047-1	COL	SAT	0.00
COL048-1	COL	UNS	0.09
COL049-1	COL	UNS	0.30
COL050-1	COL	UNS	0.04
COL051-1	COL	UNS	0.04
COL052-1	COL	UNS	0.04
COL053-1	COL	UNS	0.04
COL056-1	COL	UNS	0.04
COL057-1	COL	UNS	0.26
COL058-1	COL	UNS	0.04
COL058-2	COL	UNS	0.00
COL058-3	COL	UNS	0.00
COL059-1	COL	UNS	0.00
COL060-1	COL	UNS	0.22
COL060-2	COL	UNS	0.00
COL060-3	COL	UNS	0.00
COL061-1	COL	UNS	0.22
COL061-2	COL	UNS	0.00
COL061-3	COL	UNS	0.00
COL062-1	COL	UNS	0.22
COL062-2	COL	UNS	0.00
COL062-3	COL	UNS	0.00
COL063-1	COL	UNS	0.22
COL063-2	COL	UNS	0.00
COL063-3	COL	UNS	0.00
COL063-4	COL	UNS	0.00
COL063-5	COL	UNS	0.00
COL063-6	COL	UNS	0.00
COL064-1	COL	UNS	0.30
COL064-10	COL	UNS	0.04
COL064-11	COL	UNS	0.00
COL064-2	COL	UNS	0.04
COL064-3	COL	UNS	0.00
COL064-4	COL	UNS	0.00
COL064-5	COL	UNS	0.04
COL064-6	COL	UNS	0.00
COL064-7	COL	UNS	0.00
COL064-8	COL	UNS	0.00
COL064-9	COL	UNS	0.04
COL065-1	COL	UNS	0.35
COL066-1	COL	UNS	0.78
COL066-2	COL	UNS	0.00
COL066-3	COL	UNS	0.00
COL067-1	COL	UNK	1.00
COL068-1	COL	UNK	1.00
COL069-1	COL	SAT	1.00
COL070-1	COL	UNS	0.13
COL071-1	COL	SAT	0.20
COL073-1	COL	SAT	0.40
COL075-2	COL	UNS	0.09
COL083-1	COL	UNS	0.04
COL084-1	COL	UNS	0.00
COL085-1	COL	UNS	0.00
COL086-1	COL	UNS	0.00
COL087-1	COL	OPN	1.00
COM010-2	COM	UNS	0.00
CSR027-10	CSR	UNS	0.17
CSR034-10	CSR	UNS	0.48
CSR036-10	CSR	UNS	0.91
CSR038-10	CSR	UNS	0.57
CSR039-10	CSR	UNS	0.65
CSR040-10	CSR	UNS	0.96
CSR041-10	CSR	UNS	0.09
CSR044-10	CSR	UNS	0.78
CSR049-10	CSR	UNS	0.91
CSR051-10	CSR	UNS	0.30
CSR055-10	CSR	UNS	0.74
CSR057-10	CSR	UNS	0.78
CSR058-10	CSR	UNS	0.70
CSR059-10	CSR	UNS	0.61
CSR065-10	CSR	UNS	0.91
CSR068-10	CSR	UNS	0.70
CSR072-10	CSR	UNS	0.30
CSR073-10	CSR	UNS	0.78
CSR111-10	CSR	SAT	1.00
GRP001-2	GRP	UNS	0.00
GRP001-4	GRP	UNS	0.00
GRP002-10	GRP	UNS	0.35
GRP002-2	GRP	UNS	0.00
GRP002-3	GRP	UNS	0.00
GRP002-4	GRP	UNS	0.04
GRP010-4	GRP	UNS	0.04
GRP011-4	GRP	UNS	0.09
GRP012-4	GRP	UNS	0.00
GRP014-1	GRP	UNS	0.13
GRP022-2	GRP	UNS	0.00
GRP023-2	GRP	UNS	0.00
GRP024-5	GRP	UNS	0.61
GRP048-10	GRP	UNS	0.39
GRP112-10	GRP	SAT	0.00
GRP114-1	GRP	UNS	0.30
GRP115-1	GRP	UNS	0.04
GRP116-1	GRP	UNS	0.04
GRP117-1	GRP	UNS	0.09
GRP118-1	GRP	UNS	0.04
GRP119-1	GRP	UNS	0.09
GRP120-1	GRP	UNS	0.09
GRP121-1	GRP	UNS	0.09
GRP122-1	GRP	UNS	0.09
GRP136-1	GRP	UNS	0.04
GRP137-1	GRP	UNS	0.04
GRP138-1	GRP	UNS	0.00
GRP139-1	GRP	UNS	0.00
GRP140-1	GRP	UNS	0.04
GRP141-1	GRP	UNS	0.00
GRP142-1	GRP	UNS	0.00
GRP143-1	GRP	UNS	0.00
GRP144-1	GRP	UNS	0.00
GRP145-1	GRP	UNS	0.00
GRP146-1	GRP	UNS	0.00
GRP147-1	GRP	UNS	0.00
GRP148-1	GRP	UNS	0.00
GRP149-1	GRP	UNS	0.00
GRP150-1	GRP	UNS	0.00
GRP151-1	GRP	UNS	0.00
GRP152-1	GRP	UNS	0.00
GRP153-1	GRP	UNS	0.04
GRP154-1	GRP	UNS	0.00
GRP155-1	GRP	UNS	0.04
GRP156-1	GRP	UNS	0.00
GRP157-1	GRP	UNS	0.00
GRP158-1	GRP	UNS	0.00
GRP159-1	GRP	UNS	0.00
GRP160-1	GRP	UNS	0.00
GRP161-1	GRP	UNS	0.00
GRP162-1	GRP	UNS	0.00
GRP163-1	GRP	UNS	0.00
GRP164-1	GRP	UNS	0.96
GRP164-2	GRP	UNS	0.96
GRP165-1	GRP	UNS	0.00
GRP165-2	GRP	UNS	0.04
GRP166-1	GRP	UNS	0.09
GRP166-2	GRP	UNS	0.09
GRP166-3	GRP	UNS	0.00
GRP166-4	GRP	UNS	0.00
GRP167-1	GRP	UNS	0.22
GRP167-2	GRP	UNS	0.26
GRP167-3	GRP	UNS	0.43
GRP167-4	GRP	UNS	0.35
GRP167-5	GRP	UNS	0.13
GRP168-1	GRP	UNS	0.00
GRP168-2	GRP	UNS	0.00
GRP169-1	GRP	UNS	0.04
GRP169-2	GRP	UNS	0.04
GRP170-1	GRP	UNS	0.17
GRP170-2	GRP	UNS	0.17
GRP170-3	GRP	UNS	0.17
GRP170-4	GRP	UNS	0.17
GRP171-1	GRP	UNS	0.00
GRP171-2	GRP	UNS	0.00
GRP172-1	GRP	UNS	0.00
GRP172-2	GRP	UNS	0.00
GRP173-1	GRP	UNS	0.00
GRP174-1	GRP	UNS	0.00
GRP175-1	GRP	UNS	0.04
GRP175-2	GRP	UNS	0.00
GRP175-3	GRP	UNS	0.00
GRP175-4	GRP	UNS	0.00
GRP176-1	GRP	UNS	0.00
GRP176-2	GRP	UNS	0.00
GRP177-1	GRP	UNS	0.96
GRP177-2	GRP	UNS	0.61
GRP178-1	GRP	UNS	0.43
GRP178-2	GRP	UNS	0.43
GRP179-1	GRP	UNS	0.39
GRP179-2	GRP	UNS	0.35
GRP179-3	GRP	UNS	0.22
GRP180-1	GRP	UNS	0.43
GRP180-2	GRP	UNS	0.48
GRP181-1	GRP	UNS	0.65
GRP181-2	GRP	UNS	0.70
GRP181-3	GRP	UNS	0.22
GRP181-4	GRP	UNS	0.17
GRP182-1	GRP	UNS	0.04
GRP182-2	GRP	UNS	0.00
GRP182-3	GRP	UNS	0.00
GRP182-4	GRP	UNS	0.00
GRP183-1	GRP	UNS	0.39
GRP183-2	GRP	UNS	0.35
GRP183-3	GRP	UNS	0.39
GRP183-4	GRP	UNS	0.39
GRP184-1	GRP	UNS	0.39
GRP184-2	GRP	UNS	0.26
GRP184-3	GRP	UNS	0.35
GRP184-4	GRP	UNS	0.09
GRP185-1	GRP	UNS	0.13
GRP185-2	GRP	UNS	0.22
GRP185-3	GRP	UNS	0.26
GRP185-4	GRP	UNS	0.26
GRP186-1	GRP	UNS	0.35
GRP186-2	GRP	UNS	0.30
GRP186-3	GRP	UNS	0.04
GRP186-4	GRP	UNS	0.00
GRP187-1	GRP	UNS	0.70
GRP188-1	GRP	UNS	0.00
GRP188-2	GRP	UNS	0.00
GRP189-1	GRP	UNS	0.00
GRP189-2	GRP	UNS	0.00
GRP190-1	GRP	UNS	0.04
GRP190-2	GRP	UNS	0.04
GRP191-1	GRP	UNS	0.04
GRP191-2	GRP	UNS	0.04
GRP192-1	GRP	UNS	0.04
GRP193-1	GRP	UNS	0.00
GRP193-2	GRP	UNS	0.00
GRP195-1	GRP	UNS	0.04
GRP196-1	GRP	UNS	0.87
GRP200-1	GRP	UNS	0.13
GRP201-1	GRP	UNS	0.22
GRP202-1	GRP	UNS	0.22
GRP203-1	GRP	UNS	0.26
GRP204-1	GRP	SAT	0.20
GRP205-1	GRP	UNS	0.26
GRP206-1	GRP	UNS	0.00
GRP207-1	GRP	SAT	0.00
GRP393-2	GRP	SAT	0.00
GRP394-3	GRP	SAT	0.00
GRP399-1	GRP	SAT	0.20
GRP403-1	GRP	UNS	0.17
GRP404-1	GRP	UNS	0.26
GRP405-1	GRP	UNS	0.22
GRP406-1	GRP	UNS	0.17
GRP407-1	GRP	UNS	0.13
GRP408-1	GRP	UNS	0.13
GRP409-1	GRP	UNS	0.17
GRP410-1	GRP	UNS	0.09
GRP411-1	GRP	UNS	0.17
GRP412-1	GRP	UNS	0.13
GRP413-1	GRP	UNS	0.13
GRP414-1	GRP	UNS	0.13
GRP415-1	GRP	UNS	0.13
GRP416-1	GRP	UNS	0.22
GRP417-1	GRP	UNS	0.13
GRP418-1	GRP	UNS	0.13
GRP419-1	GRP	UNS	0.30
GRP420-1	GRP	UNS	0.26
GRP421-1	GRP	UNS	0.17
GRP422-1	GRP	UNS	0.30
GRP423-1	GRP	UNS	0.26
GRP424-1	GRP	UNS	0.13
GRP425-1	GRP	UNS	0.09
GRP426-1	GRP	UNS	0.09
GRP427-1	GRP	UNS	0.17
GRP428-1	GRP	UNS	0.13
GRP429-1	GRP	UNS	0.09
GRP430-1	GRP	UNS	0.13
GRP431-1	GRP	UNS	0.09
GRP432-1	GRP	UNS	0.09
GRP433-1	GRP	UNS	0.13
GRP434-1	GRP	UNS	0.09
GRP435-1	GRP	UNS	0.13
GRP436-1	GRP	UNS	0.13
GRP437-1	GRP	UNS	0.09
GRP438-1	GRP	UNS	0.13
GRP439-1	GRP	UNS	0.17
GRP440-1	GRP	UNS	0.13
GRP441-1	GRP	UNS	0.13
GRP442-1	GRP	UNS	0.22
GRP443-1	GRP	UNS	0.13
GRP444-1	GRP	UNS	0.17
GRP445-1	GRP	UNS	0.09
GRP446-1	GRP	UNS	0.04
GRP447-1	GRP	UNS	0.09
GRP448-1	GRP	UNS	0.04
GRP449-1	GRP	UNS	0.09
GRP450-1	GRP	UNS	0.09
GRP451-1	GRP	UNS	0.04
GRP452-1	GRP	UNS	0.09
GRP453-1	GRP	UNS	0.04
GRP454-1	GRP	UNS	0.00
GRP455-1	GRP	UNS	0.00
GRP456-1	GRP	UNS	0.00
GRP457-1	GRP	UNS	0.00
GRP458-1	GRP	UNS	0.00
GRP459-1	GRP	UNS	0.00
GRP460-1	GRP	UNS	0.00
GRP461-1	GRP	UNS	0.04
GRP462-1	GRP	UNS	0.04
GRP463-1	GRP	UNS	0.00
GRP464-1	GRP	UNS	0.04
GRP465-1	GRP	UNS	0.09
GRP466-1	GRP	UNS	0.09
GRP467-1	GRP	UNS	0.09
GRP468-1	GRP	UNS	0.09
GRP469-1	GRP	UNS	0.26
GRP470-1	GRP	UNS	0.17
GRP471-1	GRP	UNS	0.17
GRP472-1	GRP	UNS	0.22
GRP473-1	GRP	UNS	0.17
GRP474-1	GRP	UNS	0.17
GRP475-1	GRP	UNS	0.30
GRP476-1	GRP	UNS	0.22
GRP477-1	GRP	UNS	0.22
GRP478-1	GRP	UNS	0.22
GRP479-1	GRP	UNS	0.17
GRP480-1	GRP	UNS	0.17
GRP481-1	GRP	UNS	0.00
GRP482-1	GRP	UNS	0.00
GRP483-1	GRP	UNS	0.09
GRP484-1	GRP	UNS	0.00
GRP485-1	GRP	UNS	0.04
GRP486-1	GRP	UNS	0.04
GRP487-1	GRP	UNS	0.00
GRP488-1	GRP	UNS	0.00
GRP489-1	GRP	UNS	0.04
GRP490-1	GRP	UNS	0.00
GRP491-1	GRP	UNS	0.04
GRP492-1	GRP	UNS	0.04
GRP493-1	GRP	UNS	0.00
GRP494-1	GRP	UNS	0.00
GRP495-1	GRP	UNS	0.00
GRP496-1	GRP	UNS	0.00
GRP497-1	GRP	UNS	0.04
GRP498-1	GRP	UNS	0.00
GRP499-1	GRP	UNS	0.13
GRP500-1	GRP	UNS	0.09
GRP501-1	GRP	UNS	0.09
GRP502-1	GRP	UNS	0.17
GRP503-1	GRP	UNS	0.13
GRP504-1	GRP	UNS	0.13
GRP505-1	GRP	UNS	0.65
GRP506-1	GRP	UNS	0.74
GRP507-1	GRP	UNS	0.74
GRP508-1	GRP	UNS	0.70
GRP509-1	GRP	UNS	0.09
GRP510-1	GRP	UNS	0.04
GRP511-1	GRP	UNS	0.09
GRP512-1	GRP	UNS	0.04
GRP513-1	GRP	UNS	0.13
GRP514-1	GRP	UNS	0.09
GRP515-1	GRP	UNS	0.09
GRP516-1	GRP	UNS	0.09
GRP517-1	GRP	UNS	0.09
GRP518-1	GRP	UNS	0.04
GRP519-1	GRP	UNS	0.09
GRP520-1	GRP	UNS	0.09
GRP521-1	GRP	UNS	0.04
GRP522-1	GRP	UNS	0.00
GRP523-1	GRP	UNS	0.00
GRP524-1	GRP	UNS	0.00
GRP525-1	GRP	UNS	0.04
GRP526-1	GRP	UNS	0.00
GRP527-1	GRP	UNS	0.04
GRP528-1	GRP	UNS	0.00
GRP529-1	GRP	UNS	0.04
GRP530-1	GRP	UNS	0.00
GRP531-1	GRP	UNS	0.04
GRP532-1	GRP	UNS	0.04
GRP533-1	GRP	UNS	0.00
GRP534-1	GRP	UNS	0.00
GRP535-1	GRP	UNS	0.00
GRP536-1	GRP	UNS	0.00
GRP537-1	GRP	UNS	0.00
GRP538-1	GRP	UNS	0.00
GRP539-1	GRP	UNS	0.04
GRP540-1	GRP	UNS	0.04
GRP541-1	GRP	UNS	0.00
GRP542-1	GRP	UNS	0.00
GRP543-1	GRP	UNS	0.04
GRP544-1	GRP	UNS	0.00
GRP545-1	GRP	UNS	0.00
GRP546-1	GRP	UNS	0.04
GRP547-1	GRP	UNS	0.04
GRP548-1	GRP	UNS	0.04
GRP549-1	GRP	UNS	0.00
GRP550-1	GRP	UNS	0.00
GRP551-1	GRP	UNS	0.04
GRP552-1	GRP	UNS	0.00
GRP553-1	GRP	UNS	0.13
GRP554-1	GRP	UNS	0.04
GRP555-1	GRP	UNS	0.09
GRP556-1	GRP	UNS	0.04
GRP557-1	GRP	UNS	0.13
GRP558-1	GRP	UNS	0.04
GRP559-1	GRP	UNS	0.09
GRP560-1	GRP	UNS	0.09
GRP561-1	GRP	UNS	0.13
GRP562-1	GRP	UNS	0.13
GRP563-1	GRP	UNS	0.09
GRP564-1	GRP	UNS	0.09
GRP565-1	GRP	UNS	0.00
GRP566-1	GRP	UNS	0.00
GRP567-1	GRP	UNS	0.09
GRP568-1	GRP	UNS	0.04
GRP569-1	GRP	UNS	0.04
GRP570-1	GRP	UNS	0.00
GRP571-1	GRP	UNS	0.04
GRP572-1	GRP	UNS	0.00
GRP573-1	GRP	UNS	0.00
GRP574-1	GRP	UNS	0.00
GRP575-1	GRP	UNS	0.04
GRP576-1	GRP	UNS	0.00
GRP577-1	GRP	UNS	0.00
GRP578-1	GRP	UNS	0.00
GRP579-1	GRP	UNS	0.04
GRP580-1	GRP	UNS	0.09
GRP581-1	GRP	UNS	0.00
GRP582-1	GRP	UNS	0.04
GRP583-1	GRP	UNS	0.00
GRP584-1	GRP	UNS	0.00
GRP585-1	GRP	UNS	0.13
GRP586-1	GRP	UNS	0.09
GRP587-1	GRP	UNS	0.09
GRP588-1	GRP	UNS	0.09
GRP589-1	GRP	UNS	0.13
GRP590-1	GRP	UNS	0.09
GRP591-1	GRP	UNS	0.09
GRP592-1	GRP	UNS	0.09
GRP593-1	GRP	UNS	0.09
GRP594-1	GRP	UNS	0.04
GRP595-1	GRP	UNS	0.04
GRP596-1	GRP	UNS	0.04
GRP597-1	GRP	UNS	0.17
GRP598-1	GRP	UNS	0.09
GRP599-1	GRP	UNS	0.09
GRP600-1	GRP	UNS	0.09
GRP601-1	GRP	UNS	0.13
GRP602-1	GRP	UNS	0.09
GRP603-1	GRP	UNS	0.13
GRP604-1	GRP	UNS	0.09
GRP605-1	GRP	UNS	0.13
GRP606-1	GRP	UNS	0.09
GRP607-1	GRP	UNS	0.09
GRP608-1	GRP	UNS	0.09
GRP609-1	GRP	UNS	0.17
GRP610-1	GRP	UNS	0.09
GRP611-1	GRP	UNS	0.09
GRP612-1	GRP	UNS	0.04
GRP613-1	GRP	UNS	0.13
GRP614-1	GRP	UNS	0.09
GRP615-1	GRP	UNS	0.09
GRP616-1	GRP	UNS	0.09
GRP654-10	GRP	UNS	0.78
GRP654-11	GRP	UNS	0.61
GRP654-12	GRP	UNS	0.61
GRP655-10	GRP	UNS	0.83
GRP655-11	GRP	UNS	0.57
GRP655-12	GRP	UNS	0.57
GRP655-13	GRP	UNS	0.57
GRP655-14	GRP	UNS	0.61
GRP656-10	GRP	UNS	0.13
GRP657-10	GRP	UNS	0.13
GRP658-10	GRP	UNS	0.13
GRP659-10	GRP	UNS	0.26
GRP660-10	GRP	UNS	0.35
GRP660-11	GRP	UNS	0.22
GRP660-12	GRP	UNS	0.17
GRP660-13	GRP	UNS	0.17
GRP660-14	GRP	UNS	0.17
GRP661-1	GRP	UNS	0.87
GRP662-1	GRP	UNS	0.87
GRP663-1	GRP	UNS	0.87
GRP664-10	GRP	UNS	0.87
GRP664-11	GRP	UNS	0.87
GRP664-12	GRP	UNS	0.87
GRP665-10	GRP	UNS	0.04
GRP665-11	GRP	UNS	0.09
GRP665-12	GRP	UNS	0.00
GRP666-2	GRP	UNS	0.87
GRP666-3	GRP	UNS	0.87
GRP666-4	GRP	UNS	0.87
GRP666-5	GRP	UNS	0.87
GRP667-10	GRP	UNS	0.52
GRP667-2	GRP	UNS	0.57
GRP667-3	GRP	UNS	0.52
GRP667-4	GRP	UNS	0.52
GRP667-5	GRP	UNS	0.52
GRP668-1	GRP	UNS	0.35
GRP669-1	GRP	UNS	0.13
GRP670-1	GRP	UNS	0.52
GRP671-1	GRP	UNS	0.00
GRP672-10	GRP	UNS	1.00
GRP672-11	GRP	UNS	1.00
GRP673-10	GRP	UNS	1.00
GRP673-11	GRP	UNS	1.00
GRP674-10	GRP	UNS	1.00
GRP674-11	GRP	UNS	1.00
GRP675-1	GRP	UNS	1.00
GRP676-1	GRP	UNS	1.00
GRP677-1	GRP	UNS	1.00
GRP678-1	GRP	UNS	0.91
GRP679-1	GRP	UNS	0.00
GRP680-1	GRP	UNS	0.00
GRP681-1	GRP	UNS	0.52
GRP682-10	GRP	UNS	0.04
GRP682-11	GRP	UNS	0.04
GRP683-10	GRP	UNS	0.09
GRP683-11	GRP	UNS	0.09
GRP684-1	GRP	UNS	0.04
GRP685-10	GRP	UNS	0.09
GRP685-11	GRP	UNS	0.04
GRP686-1	GRP	UNS	0.13
GRP687-1	GRP	UNS	0.13
GRP688-1	GRP	UNS	0.26
GRP689-1	GRP	UNS	0.70
GRP690-1	GRP	UNS	0.83
GRP691-1	GRP	UNS	0.74
GRP692-1	GRP	UNS	0.91
GRP693-1	GRP	UNS	0.83
GRP694-1	GRP	UNS	0.78
GRP695-1	GRP	UNS	0.78
GRP696-1	GRP	UNS	0.30
GRP697-1	GRP	UNS	0.35
GRP698-1	GRP	UNS	0.13
GRP699-1	GRP	UNS	0.17
GRP700-10	GRP	UNS	0.09
GRP701-1	GRP	UNS	0.30
GRP702-10	GRP	UNS	0.00
GRP702-11	GRP	UNS	0.00
GRP702-12	GRP	UNS	0.00
GRP703-10	GRP	UNS	0.04
GRP703-11	GRP	UNS	0.00
GRP703-12	GRP	UNS	0.04
GRP704-10	GRP	UNS	0.04
GRP704-11	GRP	UNS	0.00
GRP704-12	GRP	UNS	0.04
GRP705-1	GRP	UNS	0.30
GRP706-1	GRP	UNS	0.87
GRP707-1	GRP	UNS	0.04
GRP708-1	GRP	UNS	0.04
GRP709-1	GRP	UNS	0.04
GRP710-10	GRP	UNS	0.04
GRP710-11	GRP	UNS	0.04
GRP712-1	GRP	UNS	1.00
GRP713-1	GRP	UNS	1.00
GRP714-1	GRP	UNS	1.00
GRP715-10	GRP	UNS	0.09
GRP715-11	GRP	UNS	0.04
GRP716-1	GRP	UNS	1.00
GRP717-1	GRP	UNS	1.00
GRP718-1	GRP	UNS	0.78
GRP719-1	GRP	UNS	0.83
GRP720-2	GRP	UNS	0.74
GRP721-1	GRP	UNS	0.91
GRP722-1	GRP	SAT	0.00
GRP723-1	GRP	UNS	1.00
GRP724-1	GRP	UNS	1.00
GRP725-1	GRP	UNS	0.96
GRP726-1	GRP	UNS	1.00
GRP727-1	GRP	UNS	0.61
GRP728-1	GRP	UNS	0.35
GRP729-1	GRP	UNS	0.35
GRP730-1	GRP	UNS	0.35
GRP731-1	GRP	UNS	0.26
GRP732-1	GRP	UNS	1.00
GRP735-1	GRP	SAT	1.00
GRP736-1	GRP	UNK	1.00
GRP737-1	GRP	SAT	0.80
GRP738-1	GRP	SAT	1.00
GRP739-1	GRP	SAT	1.00
GRP740-1	GRP	SAT	1.00
GRP741-1	GRP	SAT	0.80
GRP742-1	GRP	SAT	1.00
GRP743-1	GRP	SAT	0.80
GRP744-1	GRP	SAT	1.00
GRP749-1	GRP	UNS	1.00
GRP750-1	GRP	UNS	0.26
GRP751-1	GRP	UNS	0.39
GRP752-1	GRP	UNS	0.43
GRP753-1	GRP	UNS	0.74
GRP754-1	GRP	UNS	0.26
GRP756-1	GRP	UNS	0.09
GRP760-10	GRP	SAT	1.00
GRP763-10	GRP	SAT	1.00
GRP764-1	GRP	UNS	0.74
GRP765-1	GRP	UNS	0.65
GRP766-1	GRP	UNS	0.65
GRP767-1	GRP	UNS	0.22
GRP768-1	GRP	UNS	0.48
GRP769-1	GRP	UNS	0.61
GRP770-1	GRP	UNS	0.57
GRP771-1	GRP	UNS	1.00
GRP772-1	GRP	UNS	0.35
GRP773-1	GRP	SAT	1.00
GRP777-10	GRP	UNS	0.17
HEN010-10	HEN	UNS	0.70
HWC004-1	HWC	SAT	0.00
HWC004-2	HWC	SAT	0.00
KLE044-10	KLE	UNS	0.35
KLE084-10	KLE	UNS	0.48
KLE090-10	KLE	UNS	0.17
KLE096-10	KLE	UNS	1.00
KLE104-10	KLE	UNS	0.61
KLE108-10	KLE	UNS	0.74
KLE110-10	KLE	UNS	0.87
KLE122-10	KLE	UNS	0.96
KLE145-10	KLE	UNS	0.26
KLE147-10	KLE	UNS	0.57
KLE151-10	KLE	UNS	0.78
KLE152-10	KLE	UNS	0.96
KLE157-10	KLE	UNS	1.00
KLE161-10	KLE	UNS	1.00
KLE169-10	KLE	UNS	0.65
KLE171-10	KLE	SAT	1.00
LAT005-10	LAT	UNS	0.30
LAT006-1	LAT	UNS	0.09
LAT007-1	LAT	UNS	0.17
LAT008-1	LAT	UNS	0.04
LAT009-1	LAT	UNS	0.09
LAT010-1	LAT	UNS	0.13
LAT011-1	LAT	UNS	0.09
LAT012-1	LAT	UNS	0.00
LAT013-1	LAT	UNS	0.09
LAT014-1	LAT	UNS	0.00
LAT016-1	LAT	SAT	0.20
LAT017-1	LAT	UNS	0.52
LAT018-1	LAT	UNS	0.74
LAT019-1	LAT	UNS	0.00
LAT020-1	LAT	UNS	0.48
LAT021-1	LAT	UNS	0.04
LAT022-1	LAT	UNS	0.30
LAT023-1	LAT	UNS	0.26
LAT024-1	LAT	SAT	0.00
LAT025-1	LAT	SAT	0.00
LAT026-1	LAT	UNS	0.17
LAT027-1	LAT	UNS	0.04
LAT028-1	LAT	UNS	0.04
LAT031-1	LAT	UNS	0.00
LAT032-1	LAT	UNS	0.00
LAT033-1	LAT	UNS	0.00
LAT034-1	LAT	UNS	0.00
LAT038-1	LAT	UNS	0.17
LAT039-1	LAT	UNS	0.09
LAT039-2	LAT	UNS	0.04
LAT040-1	LAT	UNS	0.00
LAT042-1	LAT	UNS	0.00
LAT043-1	LAT	UNS	0.00
LAT044-1	LAT	UNS	0.26
LAT045-1	LAT	UNS	0.04
LAT046-1	LAT	SAT	0.20
LAT047-1	LAT	SAT	0.00
LAT048-1	LAT	SAT	0.00
LAT049-1	LAT	SAT	0.20
LAT050-1	LAT	SAT	0.40
LAT051-1	LAT	SAT	0.00
LAT052-1	LAT	SAT	0.40
LAT053-1	LAT	SAT	0.80
LAT054-1	LAT	SAT	0.60
LAT055-2	LAT	SAT	0.00
LAT059-1	LAT	SAT	0.00
LAT060-1	LAT	SAT	0.00
LAT061-1	LAT	SAT	0.00
LAT062-1	LAT	SAT	0.20
LAT063-1	LAT	SAT	0.20
LAT065-10	LAT	UNS	0.96
LAT070-1	LAT	UNS	0.74
LAT071-1	LAT	OPN	1.00
LAT072-1	LAT	UNS	0.74
LAT073-1	LAT	OPN	1.00
LAT074-1	LAT	UNS	1.00
LAT075-1	LAT	UNS	1.00
LAT076-1	LAT	UNS	0.91
LAT077-1	LAT	UNS	1.00
LAT078-1	LAT	UNS	0.91
LAT079-1	LAT	UNS	0.96
LAT080-1	LAT	UNS	0.35
LAT081-1	LAT	UNS	0.39
LAT082-1	LAT	UNS	0.35
LAT083-1	LAT	UNS	0.30
LAT084-1	LAT	UNS	0.48
LAT085-1	LAT	UNS	0.48
LAT086-1	LAT	UNS	0.35
LAT087-1	LAT	UNS	0.35
LAT088-1	LAT	UNS	0.00
LAT089-1	LAT	UNS	0.04
LAT090-1	LAT	UNS	0.00
LAT091-1	LAT	UNS	0.04
LAT092-1	LAT	UNS	0.30
LAT093-1	LAT	UNS	0.30
LAT094-1	LAT	UNS	0.26
LAT095-1	LAT	UNS	0.30
LAT096-1	LAT	UNS	0.26
LAT097-1	LAT	UNS	0.30
LAT098-1	LAT	SAT	0.40
LAT099-1	LAT	SAT	0.60
LAT100-1	LAT	SAT	0.20
LAT101-1	LAT	SAT	0.20
LAT102-1	LAT	SAT	0.20
LAT103-1	LAT	SAT	0.20
LAT104-1	LAT	SAT	0.40
LAT105-1	LAT	SAT	0.40
LAT106-1	LAT	SAT	0.40
LAT107-1	LAT	SAT	0.40
LAT108-1	LAT	SAT	0.40
LAT109-1	LAT	SAT	0.40
LAT110-1	LAT	SAT	0.40
LAT111-1	LAT	SAT	0.40
LAT112-1	LAT	SAT	0.40
LAT113-1	LAT	SAT	0.20
LAT114-1	LAT	SAT	0.20
LAT115-1	LAT	SAT	0.20
LAT116-1	LAT	SAT	0.20
LAT117-1	LAT	SAT	0.60
LAT118-1	LAT	SAT	0.60
LAT119-1	LAT	SAT	0.20
LAT120-1	LAT	SAT	0.20
LAT121-1	LAT	SAT	0.20
LAT122-1	LAT	SAT	0.40
LAT123-1	LAT	SAT	0.20
LAT124-1	LAT	SAT	0.60
LAT125-1	LAT	SAT	0.60
LAT126-1	LAT	SAT	0.60
LAT127-1	LAT	SAT	0.20
LAT128-1	LAT	SAT	0.40
LAT129-1	LAT	SAT	0.20
LAT130-1	LAT	SAT	0.20
LAT131-1	LAT	SAT	0.40
LAT132-1	LAT	SAT	0.40
LAT133-1	LAT	SAT	0.20
LAT134-1	LAT	SAT	0.20
LAT135-1	LAT	SAT	0.20
LAT136-1	LAT	SAT	0.20
LAT137-1	LAT	SAT	0.40
LAT138-1	LAT	UNS	0.70
LAT139-1	LAT	UNS	0.96
LAT140-1	LAT	UNS	0.83
LAT141-1	LAT	UNS	0.91
LAT142-1	LAT	UNS	0.61
LAT143-1	LAT	UNS	0.26
LAT144-1	LAT	UNS	0.83
LAT145-1	LAT	UNS	0.83
LAT146-1	LAT	UNS	0.74
LAT147-1	LAT	UNS	0.83
LAT148-1	LAT	UNS	0.78
LAT149-1	LAT	UNS	0.87
LAT150-1	LAT	UNS	0.74
LAT151-1	LAT	UNS	0.74
LAT152-1	LAT	UNS	0.57
LAT153-1	LAT	UNS	0.65
LAT154-1	LAT	UNS	0.65
LAT155-1	LAT	UNS	0.65
LAT156-1	LAT	UNS	0.65
LAT157-1	LAT	UNS	0.74
LAT158-1	LAT	UNS	0.91
LAT159-1	LAT	UNS	0.74
LAT160-1	LAT	UNS	0.70
LAT161-1	LAT	UNS	1.00
LAT162-1	LAT	UNS	0.87
LAT163-1	LAT	UNS	0.74
LAT164-1	LAT	UNS	0.65
LAT165-1	LAT	UNS	0.78
LAT166-1	LAT	UNS	0.65
LAT167-1	LAT	UNS	0.96
LAT168-1	LAT	UNS	0.35
LAT169-1	LAT	UNS	0.83
LAT170-1	LAT	UNS	0.70
LAT171-1	LAT	UNS	0.57
LAT172-1	LAT	UNS	0.91
LAT173-1	LAT	UNS	0.96
LAT174-1	LAT	UNS	0.74
LAT175-1	LAT	UNS	0.83
LAT176-1	LAT	UNS	0.96
LAT177-1	LAT	UNS	0.74
LAT183-10	LAT	UNS	0.78
LAT186-10	LAT	UNS	0.83
LAT190-10	LAT	UNS	0.87
LAT206-10	LAT	UNS	0.96
LAT222-10	LAT	UNS	0.70
LAT223-10	LAT	UNS	0.83
LAT224-10	LAT	UNS	0.83
LAT229-10	LAT	UNS	1.00
LAT230-10	LAT	UNS	0.57
LAT241-10	LAT	UNS	0.52
LAT268-10	LAT	UNS	0.09
LAT389-1	LAT	UNS	0.39
LAT390-1	LAT	UNS	0.39
LAT391-1	LAT	UNS	0.39
LAT392-1	LAT	UNS	0.39
LAT393-1	LAT	UNS	0.70
LAT393-2	LAT	UNS	0.74
LAT394-1	LAT	UNS	0.22
LAT394-2	LAT	UNS	0.13
LAT399-1	LAT	UNS	0.61
LAT399-2	LAT	UNS	0.61
LAT400-1	LAT	UNS	0.91
LAT400-2	LAT	UNS	0.91
LAT400-3	LAT	UNS	0.87
LAT400-4	LAT	UNS	0.87
LAT401-1	LAT	UNS	0.87
LAT401-2	LAT	UNS	0.87
LCL024-10	LCL	UNS	0.48
LCL026-10	LCL	UNS	0.26
LCL038-10	LCL	UNS	0.78
LCL042-10	LCL	UNS	0.83
LCL050-10	LCL	UNS	0.48
LCL054-10	LCL	UNS	0.83
LCL060-10	LCL	UNS	0.91
LCL078-10	LCL	SAT	0.00
LCL084-10	LCL	UNS	0.74
LCL096-10	LCL	UNS	0.17
LCL109-10	LCL	UNS	0.26
LCL109-2	LCL	UNS	0.26
LCL109-6	LCL	UNS	0.22
LCL110-2	LCL	UNS	0.04
LCL111-2	LCL	UNS	0.04
LCL112-2	LCL	UNS	0.09
LCL113-10	LCL	UNS	0.52
LCL113-2	LCL	UNS	0.09
LCL114-2	LCL	UNS	0.09
LCL115-2	LCL	UNS	0.09
LCL116-2	LCL	UNS	0.09
LCL127-10	LCL	UNS	0.78
LCL132-1	LCL	UNS	0.00
LCL133-1	LCL	UNS	0.04
LCL134-1	LCL	UNS	0.00
LCL135-1	LCL	UNS	0.04
LCL136-1	LCL	SAT	0.00
LCL137-1	LCL	SAT	0.00
LCL138-1	LCL	UNS	0.22
LCL139-1	LCL	UNS	0.04
LCL140-1	LCL	UNS	0.09
LCL141-1	LCL	UNS	0.09
LCL142-10	LCL	SAT	0.00
LCL148-10	LCL	UNS	0.96
LCL153-1	LCL	UNS	0.04
LCL154-1	LCL	UNS	0.00
LCL155-1	LCL	UNS	0.04
LCL156-1	LCL	UNS	0.04
LCL157-1	LCL	UNS	0.00
LCL158-1	LCL	UNS	0.04
LCL159-1	LCL	UNS	0.04
LCL160-1	LCL	UNS	0.35
LCL161-1	LCL	UNS	0.04
LCL162-1	LCL	UNS	0.17
LCL163-1	LCL	UNS	0.22
LCL164-1	LCL	UNS	0.04
LCL165-1	LCL	SAT	0.20
LCL183-10	LCL	SAT	0.60
LCL186-10	LCL	UNS	0.13
LCL192-10	LCL	UNS	0.78
LCL195-10	LCL	UNS	0.91
LCL203-10	LCL	UNS	0.22
LCL211-10	LCL	UNS	0.26
LCL218-10	LCL	UNS	0.26
LCL219-10	LCL	SAT	0.60
LCL220-10	LCL	UNS	0.96
LCL224-10	LCL	UNS	0.91
LCL225-10	LCL	UNS	0.96
LCL231-10	LCL	UNS	0.83
LCL235-10	LCL	SAT	0.60
LCL239-10	LCL	UNS	0.13
LCL244-10	LCL	SAT	0.60
LCL245-10	LCL	UNS	0.96
LCL250-10	LCL	UNS	0.70
LCL252-10	LCL	SAT	0.60
LCL255-10	LCL	SAT	0.60
LCL263-10	LCL	UNS	1.00
LCL265-10	LCL	UNS	0.57
LCL270-10	LCL	UNS	1.00
LCL278-10	LCL	UNS	1.00
LCL282-10	LCL	UNS	1.00
LCL289-10	LCL	UNS	0.96
LCL292-10	LCL	SAT	0.20
LCL304-10	LCL	UNS	1.00
LCL306-10	LCL	UNS	0.91
LCL315-10	LCL	UNS	1.00
LCL316-10	LCL	UNS	1.00
LCL330-10	LCL	UNS	0.96
LCL331-10	LCL	UNS	1.00
LCL339-10	LCL	UNS	0.96
LCL341-10	LCL	UNS	0.87
LCL348-10	LCL	UNS	0.96
LCL351-10	LCL	UNS	1.00
LCL375-10	LCL	UNS	1.00
LCL384-10	LCL	UNS	0.74
LCL385-10	LCL	UNS	0.78
LCL390-10	LCL	UNS	0.91
LCL395-10	LCL	UNS	1.00
LCL400-10	LCL	UNS	0.35
LCL407-1	LCL	SAT	0.00
LCL407-2	LCL	SAT	0.00
LCL409-1	LCL	SAT	0.00
LCL410-1	LCL	SAT	0.00
LCL415-10	LCL	SAT	1.00
LCL416-10	LCL	UNS	0.43
LCL419-10	LCL	UNS	1.00
LCL423-10	LCL	UNS	1.00
LCL443-10	LCL	UNS	0.09
LCL645-10.001	LCL	SAT	0.00
LCL687-10.001	LCL	SAT	0.00
LCL687-10.015	LCL	SAT	0.00
LCL884-10	LCL	SAT	0.00
LCL886-10	LCL	SAT	0.00
LCL890-10	LCL	UNS	0.87
LCL897-10	LCL	UNS	0.52
LCL905-1	LCL	SAT	0.00
LCL927-10	LCL	UNS	1.00
LDA001-1	LDA	UNS	0.00
LDA002-1	LDA	UNS	0.00
LDA007-3	LDA	UNS	0.00
LDA015-1	LDA	SAT	0.60
LDA016-1	LDA	SAT	0.60
LDA017-1	LDA	SAT	0.80
LDA018-1	LDA	SAT	0.80
LDA019-1	LDA	SAT	0.60
LDA020-1	LDA	SAT	0.60
LDA021-1	LDA	SAT	0.80
LDA022-1	LDA	SAT	0.80
LDA023-1	LDA	SAT	0.60
LDA024-1	LDA	SAT	0.60
LDA025-1	LDA	SAT	0.60
LDA026-1	LDA	SAT	0.60
LDA027-1	LDA	SAT	0.80
LDA028-1	LDA	SAT	0.60
LDA029-1	LDA	SAT	0.80
LDA030-1	LDA	SAT	0.80
LDA031-1	LDA	SAT	0.60
LDA032-1	LDA	SAT	0.80
LDA033-1	LDA	SAT	0.80
LDA034-1	LDA	SAT	0.60
LDA035-1	LDA	SAT	0.80
LDA036-1	LDA	SAT	0.80
LDA037-1	LDA	SAT	0.60
LDA038-1	LDA	SAT	0.60
LDA039-1	LDA	SAT	0.60
LDA040-1	LDA	SAT	1.00
MGT038-10	MGT	SAT	0.00
MSC013-10	MSC	SAT	0.60
MSC014-10	MSC	SAT	0.40
MSC015-10.027	MSC	UNS	1.00
MSC015-10.030	MSC	UNS	1.00
MSC018-10	MSC	SAT	0.20
MVA001-1	MVA	UNS	1.00
MVA002-1	MVA	UNS	1.00
MVA003-1	MVA	UNS	0.91
MVA004-1	MVA	UNS	1.00
MVA005-1	MVA	UNS	1.00
MVA006-1	MVA	UNS	1.00
MVA007-1	MVA	UNS	1.00
MVA008-1	MVA	UNS	0.74
MVA009-1	MVA	UNS	0.74
MVA010-1	MVA	UNS	1.00
MVA011-1	MVA	UNS	0.74
MVA012-1	MVA	UNS	1.00
MVA013-1	MVA	UNS	1.00
MVA014-1	MVA	UNS	1.00
MVA015-1	MVA	UNS	1.00
NLP002-10	NLP	SAT	0.20
NLP003-10	NLP	SAT	0.20
NLP014-10	NLP	SAT	0.20
NLP015-10	NLP	SAT	0.20
NLP016-10	NLP	SAT	0.20
NLP017-10	NLP	SAT	0.20
NLP018-10	NLP	SAT	0.20
NLP019-10	NLP	SAT	0.20
NLP020-10	NLP	SAT	0.20
NLP021-10	NLP	SAT	0.20
NLP022-10	NLP	SAT	0.20
NLP023-10	NLP	SAT	0.20
NLP024-10	NLP	SAT	0.40
NLP025-10	NLP	SAT	0.20
NLP042-10	NLP	SAT	0.20
NLP108-10	NLP	SAT	0.00
NLP110-10	NLP	SAT	0.00
NLP111-10	NLP	SAT	0.00
NLP112-10	NLP	SAT	0.00
NLP124-10	NLP	SAT	0.00
NLP125-10	NLP	SAT	0.00
NLP126-10	NLP	SAT	0.20
NLP127-10	NLP	SAT	0.20
NLP128-10	NLP	SAT	0.00
NLP129-10	NLP	SAT	0.00
NLP220-10	NLP	SAT	0.40
NLP224-10	NLP	SAT	0.40
NLP225-10	NLP	SAT	0.40
NLP226-10	NLP	SAT	0.40
NLP227-10	NLP	SAT	0.60
NLP228-10	NLP	SAT	0.60
NLP229-10	NLP	SAT	0.60
NLP240-10	NLP	SAT	0.40
NLP241-10	NLP	SAT	0.40
NLP242-10	NLP	SAT	0.40
NLP243-10	NLP	SAT	0.40
NLP244-10	NLP	SAT	0.40
NLP245-10	NLP	SAT	0.40
NLP246-10	NLP	SAT	0.40
NLP247-10	NLP	SAT	0.40
NLP248-10	NLP	SAT	0.40
NLP249-10	NLP	SAT	0.40
NUM026-10	NUM	UNK	1.00
NUM284-10.014	NUM	UNS	0.96
NUN133-1	NUN	UNS	0.74
NUN134-1	NUN	UNS	0.22
PLA007-10	PLA	UNS	0.87
PLA008-10	PLA	UNS	1.00
PLA014-10	PLA	UNS	1.00
PLA015-10	PLA	UNS	1.00
PLA017-10	PLA	UNS	0.35
PLA023-10	PLA	UNS	1.00
PLA031-10.006	PLA	UNS	1.00
PLA031-10.019	PLA	UNS	1.00
PUZ015-10	PUZ	SAT	0.40
PUZ039-10	PUZ	UNS	0.22
PUZ049-10	PUZ	SAT	0.60
PUZ051-10	PUZ	UNK	1.00
PUZ054-10	PUZ	SAT	0.00
PUZ056-10.020	PUZ	UNS	1.00
PUZ056-10.030	PUZ	UNS	1.00
PUZ131-10	PUZ	UNS	0.22
REL001-1	REL	UNS	0.04
REL002-1	REL	UNS	0.04
REL004-1	REL	UNS	0.13
REL004-2	REL	UNS	0.13
REL004-3	REL	UNS	0.13
REL005-1	REL	UNS	0.26
REL005-3	REL	UNS	0.30
REL006-1	REL	UNS	0.09
REL007-1	REL	UNS	0.13
REL008-1	REL	UNS	0.35
REL008-3	REL	UNS	0.35
REL010-1	REL	UNS	0.74
REL010-2	REL	UNS	0.35
REL011-1	REL	UNS	0.74
REL011-2	REL	UNS	0.17
REL012-1	REL	UNS	0.35
REL012-2	REL	UNS	0.35
REL014-1	REL	SAT	0.00
REL015-1	REL	UNS	0.04
REL016-1	REL	UNS	0.91
REL016-10	REL	UNS	0.87
REL016-3	REL	UNS	0.83
REL017-1	REL	UNS	0.87
REL017-3	REL	UNS	0.96
REL018-1	REL	UNS	0.09
REL019-1	REL	UNS	0.65
REL019-2	REL	UNS	0.65
REL020-1	REL	UNS	0.83
REL020-2	REL	UNS	0.70
REL021-1	REL	UNS	0.74
REL021-2	REL	UNS	0.74
REL022-1	REL	UNS	0.83
REL022-2	REL	UNS	0.83
REL023-1	REL	UNS	0.04
REL023-2	REL	UNS	0.09
REL024-1	REL	UNS	0.35
REL024-2	REL	UNS	0.26
REL025-1	REL	UNS	0.43
REL026-1	REL	UNS	0.52
REL026-3	REL	UNS	0.52
REL027-1	REL	UNS	0.39
REL027-3	REL	UNS	0.43
REL028-1	REL	UNS	0.61
REL028-2	REL	UNS	0.48
REL029-1	REL	UNS	0.74
REL029-10	REL	UNS	0.74
REL029-3	REL	UNS	0.74
REL030-1	REL	UNS	0.83
REL030-3	REL	UNS	0.78
REL031-1	REL	UNS	0.43
REL031-2	REL	UNS	0.43
REL032-1	REL	UNS	0.91
REL032-2	REL	UNS	0.87
REL033-1	REL	UNS	0.78
REL033-3	REL	UNS	0.83
REL034-1	REL	UNS	0.78
REL034-2	REL	UNS	0.78
REL035-1	REL	UNS	0.74
REL035-2	REL	UNS	0.78
REL036-1	REL	UNS	0.83
REL036-2	REL	UNS	0.87
REL037-1	REL	UNS	0.83
REL037-2	REL	UNS	0.87
REL038-1	REL	UNS	0.91
REL039-1	REL	UNS	1.00
REL040-1	REL	UNS	0.96
REL040-10	REL	UNS	0.96
REL040-3	REL	UNS	0.91
REL041-1	REL	UNS	0.91
REL041-2	REL	UNS	0.39
REL042-1	REL	UNS	0.52
REL042-2	REL	UNS	0.30
REL043-1	REL	UNS	0.78
REL043-2	REL	UNS	0.39
REL044-1	REL	UNS	0.74
REL044-2	REL	UNS	0.39
REL045-1	REL	UNS	0.83
REL045-2	REL	UNS	0.35
REL047-1	REL	UNS	0.39
REL049-1	REL	UNS	0.00
REL050-1	REL	UNS	0.35
REL050-3	REL	UNS	0.35
REL053-1	REL	SAT	0.00
RNG001-10	RNG	UNS	0.57
RNG004-10	RNG	UNS	0.70
RNG006-10	RNG	UNS	0.74
RNG007-4	RNG	UNS	0.00
RNG008-3	RNG	UNS	0.00
RNG008-4	RNG	UNS	0.00
RNG008-7	RNG	UNS	0.04
RNG009-5	RNG	UNS	0.48
RNG009-7	RNG	UNS	0.43
RNG010-5	RNG	UNK	1.00
RNG010-6	RNG	UNK	1.00
RNG010-7	RNG	UNK	1.00
RNG011-5	RNG	UNS	0.00
RNG012-6	RNG	UNS	0.09
RNG013-6	RNG	UNS	0.09
RNG014-6	RNG	UNS	0.09
RNG015-6	RNG	UNS	0.09
RNG016-6	RNG	UNS	0.13
RNG017-6	RNG	UNS	0.13
RNG018-6	RNG	UNS	0.09
RNG019-6	RNG	UNS	0.35
RNG019-7	RNG	UNS	0.30
RNG020-6	RNG	UNS	0.35
RNG020-7	RNG	UNS	0.22
RNG021-6	RNG	UNS	0.35
RNG021-7	RNG	UNS	0.35
RNG023-6	RNG	UNS	0.00
RNG023-7	RNG	UNS	0.00
RNG024-6	RNG	UNS	0.00
RNG024-7	RNG	UNS	0.04
RNG025-4	RNG	UNS	0.83
RNG025-5	RNG	UNS	0.74
RNG025-6	RNG	UNS	0.57
RNG025-7	RNG	UNS	0.48
RNG025-8	RNG	SAT	0.00
RNG025-9	RNG	SAT	0.00
RNG026-6	RNG	UNS	0.39
RNG026-7	RNG	UNS	0.30
RNG027-10	RNG	UNS	1.00
RNG027-5	RNG	UNS	0.96
RNG027-7	RNG	UNS	0.96
RNG027-8	RNG	UNS	0.91
RNG027-9	RNG	UNS	0.91
RNG028-5	RNG	UNS	0.96
RNG028-7	RNG	UNS	0.96
RNG028-8	RNG	UNS	0.96
RNG028-9	RNG	UNS	0.91
RNG029-10	RNG	UNS	1.00
RNG029-5	RNG	UNS	0.96
RNG029-6	RNG	UNS	0.96
RNG029-7	RNG	UNS	0.96
RNG030-6	RNG	SAT	1.00
RNG030-7	RNG	SAT	1.00
RNG031-6	RNG	SAT	0.60
RNG031-7	RNG	SAT	0.60
RNG032-6	RNG	SAT	1.00
RNG032-7	RNG	SAT	1.00
RNG033-6	RNG	UNK	1.00
RNG033-7	RNG	UNK	1.00
RNG033-8	RNG	UNK	1.00
RNG033-9	RNG	UNK	1.00
RNG035-7	RNG	UNS	0.65
RNG036-7	RNG	UNK	1.00
RNG042-2	RNG	SAT	0.00
RNG042-3	RNG	SAT	0.00
RNG043-1	RNG	SAT	0.00
RNG128-1	RNG	UNS	0.00
ROB001-1	ROB	UNS	1.00
ROB002-1	ROB	UNS	0.00
ROB003-1	ROB	UNS	0.09
ROB004-1	ROB	UNS	0.13
ROB005-1	ROB	UNS	0.26
ROB006-1	ROB	UNS	0.96
ROB006-2	ROB	UNS	0.96
ROB007-1	ROB	UNK	1.00
ROB007-2	ROB	UNK	1.00
ROB008-1	ROB	UNS	0.04
ROB009-1	ROB	UNS	0.04
ROB010-1	ROB	UNS	0.00
ROB013-1	ROB	UNS	0.00
ROB015-10	ROB	UNS	0.61
ROB018-10	ROB	UNS	0.87
ROB020-1	ROB	UNK	1.00
ROB020-2	ROB	UNK	1.00
ROB022-1	ROB	UNS	0.17
ROB023-1	ROB	UNS	0.13
ROB024-1	ROB	UNK	1.00
ROB025-10	ROB	UNS	1.00
ROB026-1	ROB	UNS	0.96
ROB027-1	ROB	OPN	1.00
ROB028-1	ROB	SAT	0.20
ROB030-1	ROB	UNS	0.00
ROB031-1	ROB	UNS	1.00
ROB031-2	ROB	UNS	0.96
ROB032-1	ROB	UNS	1.00
ROB032-2	ROB	UNS	1.00
ROB033-1	ROB	UNS	1.00
ROB034-1	ROB	UNS	1.00
ROB035-1	ROB	UNS	0.96
SEU323-10	SEU	UNS	0.04
SWB004-10	SWB	SAT	0.00
SWB005-10	SWB	SAT	0.20
SWB006-10	SWB	SAT	0.20
SWB007-10	SWB	SAT	0.20
SWB008-10	SWB	SAT	0.00
SWB009-10	SWB	SAT	0.20
SWB010-10	SWB	SAT	0.00
SWB012-10	SWB	SAT	0.20
SWB013-10	SWB	SAT	0.20
SWB014-10	SWB	SAT	0.40
SWB015-10	SWB	SAT	0.00
SWB016-10	SWB	SAT	0.20
SWB017-10	SWB	SAT	0.00
SWB018-10	SWB	SAT	0.40
SWB020-10	SWB	SAT	0.20
SWB021-10	SWB	SAT	0.00
SWB022-10	SWB	SAT	0.20
SWB023-10	SWB	SAT	0.00
SWB024-10	SWB	SAT	0.20
SWB025-10	SWB	SAT	0.20
SWB026-10	SWB	SAT	0.00
SWB027-10	SWB	SAT	0.20
SWB028-10	SWB	SAT	0.00
SWB029-10	SWB	SAT	0.20
SWB032-10	SWB	SAT	0.00
SWV015-10	SWV	SAT	0.20
SWV021-10	SWV	SAT	0.80
SWV234-10	SWV	UNS	1.00
SWV238-10	SWV	SAT	1.00
SWV243-2	SWV	UNS	0.04
SWV262-2	SWV	UNS	0.00
SWV818-1	SWV	UNS	0.04
SWV819-1	SWV	UNS	0.09
SWV918-10	SWV	SAT	0.00
SWV920-10	SWV	SAT	0.00
SWV973-10	SWV	SAT	0.60
SYN080-1	SYN	UNS	0.04
SYN083-1	SYN	UNS	0.04
SYN116-10	SYN	UNS	0.09
SYN143-10	SYN	UNS	0.13
SYN170-10	SYN	UNS	0.09
SYN193-10	SYN	UNS	0.09
SYN214-10	SYN	UNS	0.09
SYN303-10	SYN	SAT	0.60
SYN305-1	SYN	SAT	0.60
SYN329-10	SYN	SAT	0.00
SYN337-10	SYN	SAT	0.00
SYN342-10	SYN	SAT	0.00
SYN552-1	SYN	SAT	0.00
SYN563-10	SYN	UNS	0.26
SYN598-10	SYN	UNS	0.65
SYN615-10	SYN	UNS	0.91
SYN708-10	SYN	UNS	0.74
SYN986-10.005	SYN	UNS	1.00
SYN986-10.006	SYN	UNS	1.00
SYO636-10	SYO	SAT	1.00
SYO640-10	SYO	SAT	0.20
SYO641-10	SYO	SAT	0.00
TOP049-1	TOP	UNS	0.00
TOP050-1	TOP	UNS	0.17
TOP051-1	TOP	UNS	0.00
TOP052-1	TOP	UNS	0.61
TOP053-1	TOP	UNS	0.00
